country,food_supply_kcalcapitaday,protein_supply_gcapitaday,pop_growth,gdp_percapita_usd,gdp_growth,political_stability_index,prevalence_protein_animal,growth_prev_protein_animal,growth_import_poultry,growth_prod_poultry,prevalence_imports_poultry,prevalence_prod_poultry
Armenia,90.06000000000003,97.33000000000006,1.629044570863769,3078.9785642499996,9.889927622750005,-0.71,45.7823898078701,3152.624918820005,9.375,17.500000000000004,318.1818181818182,427.27272727272725
Afghanistan,58.26000000000002,54.09,12.477766605580243,468.29789300000004,-5.206856600684517,-2.78,19.523017193566282,3093.076604058302,-39.583333333333336,-26.66666666666667,103.57142857142858,196.42857142857142
Albania,111.37000000000002,119.50000000000006,-0.6757031328022856,3347.70176,7.818559255362056,0.4,55.49790794979077,3076.1132305889355,52.0,11.904761904761907,292.30769230769226,361.53846153846155
Algeria,91.92000000000002,92.85,8.518732747995394,3264.3389622500003,-7.348643595130866,-0.96,27.67905223478729,3606.4223268760416,-33.333333333333336,-9.278350515463918,0.7272727272727273,96.0
Angola,57.26999999999998,54.08999999999999,14.610305183611416,2805.69259525,-15.509934204983145,-0.29,30.449251247920138,3649.8914852058165,-19.00584795321637,-15.322580645161288,659.5238095238095,750.0
Antigua and Barbuda,83.49000000000001,81.15000000000003,4.272476943922365,10549.721324999999,15.033875537289898,0.76,66.60505237215031,2746.800496427118,16.666666666666675,0.0,0.0,0.0
Argentina,102.60000000000005,102.66000000000003,4.126241260137498,9908.0566145,-1.7239416335688595,0.18,63.968439509059024,2995.6787026720776,100.0,15.855181023720345,0.37019898195279966,85.8861638130495
Australia,106.26000000000009,108.01000000000002,5.717961619551115,43942.873021,-1.9110778996257793,0.9,65.99388945468009,2944.2431639925653,-5.882352941176472,8.727948003714015,1.260835303388495,92.27738376674547
Austria,106.2,108.11,3.0821198549961792,35788.4015825,1.335462846100488,1.04,60.012949773378956,3426.6916395619132,4.761904761904767,1.2658227848101333,74.32432432432432,108.10810810810811
Bahamas,86.15999999999998,61.370000000000005,3.97255759609334,21579.0614105,-0.027426894018256487,1.0,68.43734723806418,2377.276761292791,26.315789473684205,-5.882352941176472,400.0,266.66666666666663
Barbados,88.76000000000006,88.73999999999998,0.680980386639285,12607.7082305,4.088188309717222,0.98,56.78386297047555,3155.0686295031114,100.0,8.333333333333325,13.333333333333334,86.66666666666667
Bangladesh,55.860000000000014,60.22000000000001,4.532562011174823,985.1669375,33.82132819171875,-1.25,19.84390567917635,5087.792461544996,0.0,9.090909090909083,0.0,96.3855421686747
Bolivia (Plurinational State of),65.96000000000001,68.40000000000002,6.170126528391084,2290.8415525,13.77517124775971,-0.3,45.380116959064324,3489.5428535496444,0.0,10.10928961748634,0.18761726078799248,75.60975609756098
Botswana,64.85000000000002,65.08999999999999,6.91048159848886,5468.2993165,3.9743285713563337,1.03,40.63604240282685,3494.6676934471875,-50.0,-36.36363636363637,60.0,140.0
Brazil,95.01000000000002,90.86999999999999,3.3814411228179075,7272.45301975,-12.684769179787214,-0.41,58.10498514361174,3490.8195800862927,0.0,10.71428571428572,0.021125272868107878,70.29082458981762
Belize,73.2,67.11000000000001,8.69328782378549,3472.2043347499994,1.980720074778275,0.05,37.8930114736999,3426.2097723712445,0.0,11.111111111111116,0.0,50.0
Solomon Islands,56.309999999999995,53.64,11.32485962725962,1326.1023165000001,4.637952953240565,0.21,29.56748695003728,3983.532581638387,200.0,50.0,0.0,0.0
Bulgaria,83.41,83.19000000000003,-2.5739606984168106,6081.4616595,13.863663877780441,0.37,50.06611371559081,3327.0436676507315,25.581395348837212,5.369127516778516,100.93457943925233,146.72897196261684
Myanmar,82.61000000000001,93.34999999999998,2.9507852933827516,955.880621,17.38312702174556,-1.08,47.83074450990894,3730.1464844726966,200.0,39.14163090128755,0.18050541516245489,97.53309265944645
Cameroon,69.95999999999997,69.49,11.27302558003711,1090.115334,4.887014900561137,-1.08,16.232551446251257,3582.5257857534934,-100.0,6.849315068493156,0.0,96.29629629629629
Canada,105.06000000000004,101.32999999999998,4.067162073278152,35182.95014625,-2.4221225516316003,1.11,50.300996743313945,3111.171492278835,-19.469026548672563,11.08527131782946,12.844036697247708,101.12914608327452
Cabo Verde,73.59000000000002,69.33000000000001,5.031773450995414,2496.293768,0.1702404368131072,0.9,37.097937400836564,3238.9472859513235,33.33333333333333,0.0,1200.0,900.0
Central African Republic,46.039999999999985,46.4,3.329156122469157,287.1669585,20.399882065814957,-1.94,43.72844827586208,4380.122562842414,300.0,57.14285714285714,57.14285714285714,157.14285714285714
Sri Lanka,59.65,64.27000000000001,2.2503265007492113,3086.292467,16.83095908654235,-0.06,29.12711996265753,4559.2676874661865,0.0,56.19047619047619,0.0,85.41666666666666
Chad,62.75000000000001,70.51,13.587452090260577,566.3496735000001,-18.88451802561263,-1.34,30.86087079846831,6548.912637527877,0.0,39.99999999999999,16.666666666666664,116.66666666666667
Chile,87.31999999999996,88.56999999999996,5.115850336570449,11088.79336525,1.0097217175138562,0.38,51.42824884272329,3316.808313523397,91.35802469135803,4.510108864696738,21.769662921348313,94.3820224719101
"China, mainland",98.05000000000003,101.44000000000005,2.093455706521019,6183.55598675,26.909742356927204,-0.25,39.50118296529966,3115.820777694499,-22.602739726027398,-4.189455261430764,2.4786137310813774,96.06273305549463
Colombia,64.31,72.31000000000002,5.192645231227067,5036.2515215,-3.4742540394474997,-0.79,51.40367860600193,4647.31703254952,34.48275862068966,17.492492492492495,4.987212276214834,100.06393861892585
Congo,51.41,55.63000000000001,10.555010186550806,1646.8291140000001,-29.197723617776273,-0.53,47.95973395649828,4870.646887128082,103.92156862745097,89.65517241379311,1485.7142857142858,1571.4285714285713
Costa Rica,75.05000000000003,81.15000000000002,4.3830094934593555,8421.926567,11.281346791901115,0.51,56.19223659889092,4030.4515460467996,112.5,10.084033613445387,12.781954887218044,98.49624060150376
Cuba,90.86000000000003,88.4,0.5010403960107768,5696.35581575,13.152091322722104,0.69,36.855203619909496,3853.410608567384,60.00000000000001,18.502202643171817,1075.8620689655172,927.5862068965517
Cyprus,77.53999999999999,80.2,3.130786298395094,20603.960154250002,6.252326937679609,0.6,56.93266832917704,3200.9573734919068,7.692307692307687,7.14285714285714,56.00000000000001,120.0
Azerbaijan,93.11000000000001,92.30000000000003,4.899617152815394,3788.932661,-21.6857484610084,-0.76,32.60021668472372,3261.897345612133,440.00000000000006,30.303030303030297,25.961538461538463,124.03846153846155
Benin,64.37999999999998,64.44999999999999,11.700698209452032,642.66652525,4.427312994639099,0.05,22.327385570209472,4215.061042832063,-33.513513513513516,-20.68965517241379,683.3333333333333,894.4444444444445
Denmark,108.74,112.92000000000006,1.669503001430428,43941.96381925,2.719683163618414,0.87,64.85122210414448,3042.6970975264394,31.68316831683169,10.666666666666668,76.878612716763,95.95375722543352
Dominica,76.28000000000003,78.96000000000005,0.6223949532499606,5047.420596,-4.294151778850375,1.04,54.495947315096224,3996.2369791464616,0.0,50.0,0.0,0.0
Dominican Republic,58.160000000000004,66.86,4.62640591897161,5307.4390244999995,20.271991536260625,0.16,51.346096320670064,5458.92536360249,75.0,29.268292682926834,12.389380530973451,109.43952802359883
Belarus,93.78000000000007,94.08000000000004,0.2835993312892304,4538.334781,-11.881935349239757,0.03,54.1985544217687,3144.0226659362565,31.25,-9.897610921501709,4.535637149028078,57.01943844492441
Ecuador,61.3,65.77000000000002,6.862255509701964,4395.8690625,0.5291984502326041,-0.1,45.52227459327959,3123.974789688431,-100.0,-5.813953488372093,0.0,95.29411764705881
Egypt,103.22000000000001,96.27000000000001,9.09222010797941,2068.5873269999997,-6.4980863467580585,-1.42,24.981821959073436,3044.0675700200627,-12.0,5.57432432432432,9.838998211091235,111.80679785330949
El Salvador,71.72,74.69999999999999,1.947887591424946,2776.9457085000004,8.26283630497764,-0.25,34.75234270414994,3562.48936580978,-5.882352941176472,3.9682539682539764,11.76470588235294,96.32352941176471
Estonia,103.64999999999999,107.29,0.02486615488885846,14672.123636,11.499577854971,0.66,57.31195824401155,3389.537040556855,5.000000000000004,3.703703703703698,105.0,140.0
Fiji,73.53000000000003,73.88000000000001,1.3690954797090482,3951.24648775,17.279671549274056,0.79,42.244179750947474,3859.2139148354518,200.0,38.888888888888886,13.043478260869565,108.69565217391303
Finland,117.56000000000004,117.77000000000008,1.3309292069729306,34572.45689,-0.2955570857337997,1.07,62.443746285132015,2753.276480261339,0.0,-4.629629629629628,12.4031007751938,79.84496124031007
France,110.49999999999996,112.07999999999997,1.485258482764884,29706.014505000003,-0.8941641204916362,0.21,62.15203426124197,3087.375740308285,19.621749408983447,0.746268656716409,28.914285714285715,84.85714285714285
French Polynesia,97.27000000000001,97.51000000000005,2.1359237666834563,15391.470718999997,-1.5076054060927935,0.21,66.28038149933337,2930.405530306512,-6.25,-7.14285714285714,1500.0,1300.0
Djibouti,65.61999999999999,66.43,6.884012439813292,1853.3579610000002,24.6236565519649,-0.71,19.32861658889056,3333.490816752491,50.0,50.0,0.0,0.0
Georgia,80.50000000000001,76.89,-0.9876007144019705,3087.8784335,11.477635629355799,-0.37,36.88386005982572,3574.3081967994312,18.60465116279071,15.094339622641506,231.81818181818184,277.2727272727273
Gabon,86.28000000000006,79.31000000000002,13.634690113925085,6023.52842325,-8.69464436929135,-0.09,48.90934308410037,2899.3186002793254,8.571428571428562,10.909090909090914,1900.0,1525.0
Gambia,61.31,63.48000000000001,12.740004644265547,555.08309775,-2.878614057002349,-0.21,26.11846250787649,4608.7327443278045,300.0,60.00000000000001,800.0,400.0
Germany,101.39000000000006,104.07000000000001,1.8282150571004685,33703.072725,3.933165900512914,0.58,60.61304890938792,3408.242658456849,6.852791878172582,9.530292716133415,55.61426684280053,106.27476882430646
Bosnia and Herzegovina,91.50000000000003,94.58,-5.393797673238277,3909.64476325,9.809552932931688,-0.38,36.73080989638402,3846.145563210203,-28.57142857142857,12.00000000000001,16.39344262295082,91.80327868852459
Ghana,64.57000000000002,62.95,9.44773579172451,1570.94097175,-0.9535208653916771,0.09,24.368546465448762,4193.5058058171635,-12.71676300578035,-5.803571428571431,251.66666666666666,351.6666666666667
Kiribati,73.33999999999999,73.89999999999999,5.809620910186286,1207.114959,2.2057035376979783,0.9,49.9188092016238,4221.583028899785,0.0,0.0,100.0,200.0
Greece,108.65000000000003,105.13000000000002,-1.5925701782970925,14577.010321500002,-2.898346885820391,-0.13,53.99980975934556,2956.9198399980696,8.219178082191792,-7.428571428571429,32.113821138211385,65.85365853658537
Grenada,69.19999999999999,70.57000000000002,2.499768882314868,7384.9560405,25.086047971041058,1.03,60.6490009919229,3408.1857166646437,0.0,0.0,700.0,500.0
Guatemala,63.730000000000004,69.83000000000001,8.458383966571548,2897.4970372499997,13.950108071617052,-0.57,30.789059143634535,4307.5695777447645,44.9438202247191,37.00787401574803,54.8936170212766,148.08510638297872
Guinea,55.86000000000001,61.77999999999998,10.784189250585952,615.12419,15.710652794064295,-0.61,18.43638718031726,5085.582013557514,184.6153846153846,133.33333333333334,284.61538461538464,376.9230769230769
Guyana,79.27,87.58,2.0989483527265707,3176.69378875,12.138715180250825,-0.04,44.42795158712034,3449.8019538142726,-100.0,3.4482758620689724,0.0,96.7741935483871
Haiti,47.69999999999999,49.91,5.5928196967985455,573.788176,-0.3804951901944187,-0.7,19.97595672209978,4156.945260088849,27.142857142857135,25.64102564102564,988.8888888888889,1088.888888888889
Honduras,64.78,64.03999999999999,7.165886175642466,1793.04050425,11.447803575585036,-0.55,34.790755777638985,3730.285105458788,-29.411764705882348,25.0,6.217616580310881,106.21761658031087
"China, Hong Kong SAR",129.07000000000008,137.88,3.0688505127399734,32259.764029750004,12.350340481324862,0.85,73.33188279663476,2504.6801167067406,-23.524451939291737,-1.0126582278481067,3779.1666666666665,1629.1666666666667
Hungary,78.74999999999999,87.76000000000003,-1.0585805888453703,11005.28397825,12.76921582342505,0.81,56.75706472196899,4331.955979832764,3.571428571428581,3.797468354430378,11.76470588235294,49.89858012170386
Croatia,84.27000000000004,90.18000000000005,-2.1919525753881897,10230.452633750001,6.441121276173267,0.75,59.63628298957635,3727.8114514260083,33.33333333333333,21.62162162162162,39.34426229508197,73.77049180327869
Iceland,133.06000000000003,141.34,2.2024102424607284,45814.4612625,27.50532505710246,1.37,71.38814206877035,2585.1945228810896,100.0,11.111111111111116,20.0,100.0
India,59.90999999999999,65.69999999999999,4.515362109908727,1444.5187270000001,28.579322958485818,-0.83,22.40487062404871,4603.526679422579,0.0,26.06292517006803,0.0,83.63892806770099
Indonesia,62.20000000000002,68.63,5.101423855216836,2894.90398875,12.570327122766223,-0.51,32.31822818009616,5178.157582008932,0.0,1.6008537886873064,0.0434593654932638,82.74663189917428
Iran (Islamic Republic of),87.25000000000001,87.59000000000003,5.480929025865344,4588.32512175,2.52694890639642,-0.93,28.861742208014608,3951.0445369447543,-64.70588235294117,12.977099236641232,0.27598896044158233,102.11591536338547
Iraq,63.6,60.54,13.257304253544877,3815.7305802499995,-10.453048557119448,-2.33,22.38189626693096,4160.383749898332,13.801452784503642,11.976047904191622,489.5833333333333,584.375
Ireland,109.91,105.80999999999999,2.9868774729591374,53611.72163774999,46.42659132757521,1.02,57.121255079860134,3172.884007506951,23.750000000000004,1.6528925619834656,90.0,111.81818181818181
Israel,128.00000000000003,122.62000000000003,6.580704115314084,29340.749925000004,9.666554357361413,-0.88,59.174686021856125,2764.00253765732,0.0,15.113871635610776,0.0,88.39427662957074
Italy,108.48999999999997,106.68999999999998,0.8424425883829967,25151.612986,-0.020022944161401934,0.24,53.453931952385425,3133.1229321020346,11.494252873563227,0.9691629955947079,7.3764258555133075,87.14828897338403
Côte d'Ivoire,58.44999999999999,59.109999999999985,10.639346120774906,1196.5055527499999,19.364389982335716,-1.09,23.17712738961259,4518.483133339469,600.0,26.530612244897966,12.068965517241379,106.89655172413792
Kazakhstan,96.35,94.97000000000004,6.189914000943375,7679.96536725,-10.496493630731795,0.02,57.913025165841816,3142.1958192546795,1.7543859649122862,9.27152317880795,101.75438596491229,192.98245614035088
Jamaica,76.93000000000002,72.83000000000003,2.1735662774004405,3746.710009,2.526419531707025,0.25,49.388988054373186,3565.245839443378,-27.906976744186053,2.0547945205479534,24.21875,116.40625
Japan,87.65000000000002,86.51999999999998,-0.6324085967261861,30433.607496750003,1.6240808231903658,1.12,55.536292186777615,2993.7554718702336,1.2310606060605966,-4.455245038477118,48.261851015801355,106.50112866817156
Jordan,79.58000000000004,69.08,14.871023923865101,2878.85090625,-0.9767131912812532,-0.53,34.916039374638096,3387.751487367306,-23.809523809523814,13.168724279835399,30.476190476190478,130.95238095238096
Kyrgyzstan,85.13000000000001,85.28,7.998704657562161,895.63698475,6.071926835390329,-0.43,40.478424015009374,3130.878491178025,-50.98039215686274,46.153846153846146,357.14285714285717,271.42857142857144
Kenya,61.87000000000001,60.86999999999998,10.327686648199608,1046.55175925,17.509704050250253,-1.08,25.266962378840148,3276.873902832409,0.0,61.904761904761905,0.0,97.14285714285714
Cambodia,65.66000000000001,65.38,6.5423617686604985,954.7866495,27.5507955627724,0.17,29.305598042214744,3682.751881181275,900.0,32.14285714285714,35.714285714285715,132.14285714285714
Democratic People's Republic of Korea,54.99000000000002,52.27000000000001,2.0069719015991305,473.1089185000001,-0.46921720681717405,-0.48,20.164530323321213,3970.95234829315,0.0,-6.818181818181824,0.0,95.34883720930233
Republic of Korea,96.11999999999998,96.96999999999998,1.4910861235723383,22197.10192375,12.86141944866075,0.29,50.70640404248737,3604.3265038626146,4.580152671755733,8.375634517766507,16.348448687350835,101.90930787589498
Kuwait,108.15,99.68999999999997,15.021739031799243,22385.791044250003,-23.99926901325057,-0.04,47.55742802688335,2958.341227414843,-1.4388489208633115,3.8674033149171283,244.64285714285717,335.7142857142857
Latvia,91.34000000000003,97.27000000000002,-4.589827561166315,11421.966796749999,12.386992584696976,0.46,57.19132312120898,3457.6235144080165,48.27586206896552,-2.3809523809523836,130.3030303030303,124.24242424242425
Lao People's Democratic Republic,68.89000000000001,83.19000000000001,6.294326024291186,1659.139787,28.04227216210229,0.43,24.149537203990864,4941.919838748161,0.0,-100.0,0.0,0.0
Lebanon,79.59000000000003,67.55,15.328050529830616,6048.83988725,-6.519624048356665,-1.59,30.05181347150258,2848.8085729028962,-23.529411764705888,-25.510204081632647,20.3125,114.0625
Lesotho,73.47999999999998,63.949999999999996,3.105894416153565,899.5546265,-0.17146465705049074,-0.25,19.108678655199373,3304.574436454536,-11.764705882352944,-19.047619047619047,750.0,850.0
Liberia,37.66000000000001,39.91,10.683999892663799,324.63960325,0.3922767138180516,-0.41,24.55524931094964,6316.340944028241,92.0,31.578947368421062,320.0,333.33333333333337
Lithuania,124.35999999999997,125.06000000000002,-5.434482776956884,12079.80836475,13.18240155252024,0.78,61.60243083320006,2653.5457055655775,33.33333333333333,-1.2345679012345734,37.28813559322034,67.79661016949152
"China, Macao SAR",94.74999999999999,100.37000000000006,7.830826572816152,54100.60863,-17.84573485307652,1.44,66.84268207631759,3180.8707618146714,35.29411764705883,0.0,766.6666666666667,700.0
Madagascar,46.690000000000005,42.94,11.363738610977503,368.118019,-0.3429102718302435,-0.33,21.471821145784816,3969.5844464742713,0.0,1.388888888888884,0.0,90.12345679012346
Malawi,64.53,67.97999999999999,11.55929629656287,301.48372225,5.696507686130392,-0.27,16.85789938217123,5626.059276665606,0.0,295.65217391304344,0.0,70.0
Malaysia,81.56999999999998,78.86999999999999,5.550671125646511,8035.8258697500005,7.243923519014772,0.16,54.786357296817556,3401.9825743472366,44.6808510638298,0.08203445447088065,3.944315545243619,70.76566125290023
Maldives,122.32000000000004,81.63000000000007,19.44426397942216,7631.64759775,20.009512451840195,0.26,60.12495406100696,1475.6836280033576,19.999999999999996,16.666666666666675,0.0,0.0
Mali,85.13000000000001,84.74000000000002,12.538567211599583,662.4948817500001,14.025605063088564,-1.91,27.342459287231524,3273.6601307124415,-66.66666666666667,10.63829787234043,2.083333333333333,108.33333333333333
Malta,110.31000000000002,116.32,2.764747706798776,21764.29268325,28.923064343769433,1.27,57.573933975240735,3126.5275599989145,0.0,9.090909090909083,225.0,300.0
Mauritania,84.94,79.82000000000004,12.182756541333116,1110.77519,-0.5630275689035957,-0.62,36.87045853169631,2993.7656671709738,41.176470588235304,0.0,480.0,440.00000000000006
Mauritius,88.20000000000005,88.41000000000004,0.7206169570800114,7662.00197875,12.640237800874976,0.99,43.73939599592806,3334.311871539578,0.0,0.0,4.166666666666666,100.0
Mexico,87.58000000000006,93.30000000000004,5.007409879968439,7109.096839999999,-1.2532279538361113,-0.65,46.934619506966776,3660.772020504126,14.487632508833915,10.122116689280869,29.916897506925206,124.89996922129887
Mongolia,80.80000000000001,82.35000000000001,8.050375617107552,2964.7195202499997,0.5986125783973506,0.82,68.17243472981177,3228.5345810990116,25.0,0.0,0.0,0.0
Morocco,97.88000000000002,98.03000000000002,5.5331843443988005,2426.52235725,7.298654066121424,-0.41,27.991431194532286,3449.363910477856,-25.0,8.746355685131203,0.39370078740157477,97.9002624671916
Mozambique,45.68,51.180000000000014,12.082049219594637,386.13206775000003,-6.121708077770871,-0.98,17.565455255959353,6275.096615766953,140.0,186.11111111111111,26.08695652173913,111.95652173913044
Republic of Moldova,71.36,63.32,-0.36585267085701423,1594.355406,9.673543700658826,-0.24,48.689197725837026,3211.8049644957823,-15.789473684210531,4.761904761904767,29.629629629629626,122.22222222222223
Namibia,57.60999999999998,62.0,7.572168982604932,3953.86041075,1.1849672276036616,0.63,36.709677419354854,4461.0131177295625,61.111111111111114,0.0,263.6363636363636,254.54545454545453
Nepal,68.99000000000001,73.58,2.659633337448497,598.30808125,20.299366922878036,-0.66,17.205762435444417,4203.694638874481,0.0,27.906976744186053,0.0,94.82758620689656
Netherlands,111.46000000000002,104.43000000000004,1.0558671231196248,37687.451173,2.907298821568438,0.92,65.5367231638418,2712.3005148581,6.2937062937062915,-13.715710723192021,55.27272727272727,31.454545454545457
New Caledonia,86.61000000000003,83.12000000000005,4.8849160996359275,27168.17796675,-1.2535949933231039,0.21,58.08469682386909,2953.582799954884,-18.181818181818176,0.0,900.0,1100.0
North Macedonia,78.37000000000002,80.53000000000002,0.28558808554830506,3926.12540875,8.5213848748809,-0.25,40.866757730038486,3696.4901134634197,5.263157894736836,2.499999999999991,2000.0,2050.0
Vanuatu,69.69000000000003,63.71999999999999,11.251388158279262,2270.3857024999998,0.8684547864214798,0.71,39.78342749529191,3470.0284064369043,100.0,0.0,400.0,300.0
New Zealand,92.39000000000001,90.79999999999998,4.061489228208837,30730.46663875,8.348238627011018,1.59,57.19162995594716,3190.606008231777,0.0,3.797468354430378,0.4484304932735426,73.54260089686099
Nicaragua,69.53999999999999,65.99999999999997,5.31779441899547,1623.0498805000002,16.87409069751771,-0.05,33.39393939393941,4036.0621776463377,0.0,6.153846153846154,4.195804195804196,96.5034965034965
Niger,80.93000000000004,81.86000000000001,16.742617559687933,354.018693,1.3795562128193106,-1.3,15.233325189347664,2564.797035500696,50.0,5.263157894736836,15.789473684210526,105.26315789473684
Nigeria,63.77,55.90000000000001,11.124115638934784,1737.260281,-14.347485728814801,-1.94,12.737030411449012,3077.7986624913374,-100.0,-36.21262458471761,0.0,95.52238805970148
Norway,110.73000000000003,109.98,4.269572227729168,60315.15524000001,-8.831028985011791,1.15,58.647026732133114,2908.36044355826,0.0,-4.716981132075471,1.9801980198019802,100.0
Pakistan,65.44999999999999,66.24999999999997,8.702986956982684,1063.89058075,17.51976969016362,-2.4,42.05283018867926,3485.3623098158882,0.0,33.55263157894737,0.156128024980484,95.08196721311475
Panama,79.32000000000005,79.42000000000002,7.0743996443688895,10325.907874499999,19.41076776659394,0.39,53.14782170737848,3523.5990832672305,33.33333333333333,16.806722689075638,10.1010101010101,70.2020202020202
Czechia,87.41000000000003,86.47999999999999,0.514814434527322,15459.5525325,10.931878279035434,1.02,61.482423681776154,3888.0161924701306,14.851485148514843,14.705882352941169,71.16564417177914,143.55828220858896
Paraguay,70.58,71.85000000000002,5.4803360103319765,3897.0788445,5.3386209991502565,0.12,46.79192762700068,3653.487668294085,0.0,-4.651162790697672,2.2222222222222223,91.11111111111111
Peru,74.92,78.38000000000002,5.6099675196338294,4753.04221575,4.321806912368742,-0.26,37.637152334779266,3751.405344317094,93.5483870967742,19.10112359550562,4.09556313993174,28.9419795221843
Philippines,59.910000000000025,62.66,6.373289061752918,2266.84240775,16.162023956798556,-1.24,41.062879029684005,4305.377685840546,151.5151515151515,24.59436379163109,19.57547169811321,114.70125786163523
Poland,101.46000000000001,103.01999999999997,-0.5368750455506777,10767.67874375,10.886545307998151,0.52,53.78567268491557,3459.4647501316126,12.244897959183664,9.732824427480914,2.3394300297745643,48.91535516801361
Portugal,110.87000000000002,114.41,-1.7616120506203536,15872.281143,4.0110081707437795,1.08,63.54339655624508,3199.4594674917566,28.125,-1.5625,22.71468144044321,87.25761772853186
Guinea-Bissau,44.050000000000004,44.13,10.913966588907664,491.40443899999997,11.827340119248886,-0.6,21.142080217539093,5249.6589494267455,300.0,33.33333333333333,133.33333333333331,133.33333333333331
Timor-Leste,57.51000000000001,57.68999999999999,7.800612853270739,1690.87638925,-39.58883162195691,0.03,27.093083723348936,3171.3295003051526,83.33333333333333,-16.666666666666664,1100.0,500.0
Zimbabwe,48.32,51.19999999999999,6.638181569908186,882.8878645,1.3095011334324003,-0.77,22.695312500000007,4082.035900297621,0.0,-4.285714285714281,8.695652173913043,97.10144927536231
Romania,103.00000000000004,106.61999999999999,-2.3782462984737185,7948.234304,19.28610087121527,0.06,49.005815044081785,3559.0870161065086,62.22222222222222,14.071856287425156,37.244897959183675,97.1938775510204
Rwanda,56.79,59.2,10.81643518248745,569.8934442500001,15.705826893242714,0.04,14.763513513513516,5747.198004456072,0.0,12.5,0.0,94.73684210526315
Russian Federation,102.80999999999997,101.87000000000005,0.8346643009577548,8090.833130749999,-13.6169852323187,-0.67,54.76587807990575,3177.3741919658796,-57.35849056603774,14.791242362525448,5.085508550855086,101.46264626462647
Saint Kitts and Nevis,72.31999999999996,76.86,3.4054558820607594,12630.24469575,9.096610249513626,0.64,64.14259692948218,3442.056087571449,0.0,0.0,0.0,0.0
Saint Lucia,85.74000000000002,86.25999999999998,1.9384495783407507,7134.6908805,10.91745317968249,1.15,60.537908648272676,3077.5229302351645,-16.666666666666664,-23.076923076923073,1000.0,1000.0
Saint Vincent and the Grenadines,86.26999999999997,89.17000000000002,1.1093516967096928,5240.66030925,6.177355111858862,0.9,54.36806100706515,3327.803250381587,12.5,0.0,0.0,0.0
Sao Tome and Principe,53.10000000000001,51.99999999999999,7.8100027591664345,1186.6455919999999,10.03478739799104,0.22,30.403846153846164,4521.767053701018,100.0,0.0,200.0,200.0
Saudi Arabia,91.59,87.50999999999998,10.146126759567453,15436.15714675,-6.712123505261403,-0.62,42.280882184893166,3282.8942309255685,-17.86120591581343,1.4851485148514865,117.20779220779221,232.95454545454547
Senegal,58.32000000000001,60.47000000000001,11.876945593895538,1014.190847,6.772452015861075,-0.04,21.514800727633535,3583.6160458918803,0.0,12.307692307692308,0.0,94.8051948051948
Sierra Leone,56.110000000000014,55.66000000000001,9.097373666972587,394.83906275000004,-21.719939466474713,0.03,23.859144807761407,3836.9194528015464,0.0,0.0,82.35294117647058,176.47058823529412
Slovenia,96.01999999999998,98.29000000000003,0.6438822942063105,17800.64430725,8.23125464582699,0.89,55.03103062366465,3298.944180577627,17.647058823529417,4.081632653061229,27.77777777777778,70.83333333333334
Slovakia,72.11000000000004,62.24999999999998,0.4827799270527233,13616.947515999998,7.140073898131449,0.88,59.261044176706854,4598.493659904282,5.000000000000004,-7.317073170731703,88.73239436619718,107.04225352112675
South Africa,85.33,83.36000000000001,6.188886530160542,4844.33047175,-3.600894472486149,-0.27,41.45873320537426,3303.0567761597395,44.38202247191012,2.6222894604135183,30.83383323335333,122.0755848830234
Spain,104.76000000000006,106.99000000000002,-0.6032892643183074,22055.0615785,7.218425033161169,0.27,62.17403495653798,3021.1098297187473,19.883040935672526,5.5845122859270235,13.531353135313532,93.5973597359736
Suriname,62.859999999999985,60.15,4.239974711807792,5460.5100225,-20.885267664626106,0.14,41.13050706566915,3801.6051420743897,-14.28571428571429,-5.263157894736848,180.0,180.0
Tajikistan,63.37999999999999,55.37999999999999,10.180180101935932,696.01523775,2.6912530032803916,-0.67,24.304803178042615,2298.48527835973,89.99999999999999,85.71428571428572,1900.0,1950.0
Eswatini,58.58999999999999,61.220000000000006,3.4928687952169746,2561.05219475,-4.272516212241495,-0.3,29.5655014701078,3941.7384396067832,0.0,-12.5,33.33333333333333,116.66666666666667
Sweden,107.48,107.03000000000002,2.982735732608477,41323.41764725,1.8297548449960122,0.98,63.16920489582358,2767.19142120007,15.068493150684926,3.1446540880503138,53.503184713375795,104.45859872611464
Switzerland,92.89000000000003,95.46000000000002,4.2783477566193495,60127.269148750005,0.09628385743161161,1.21,61.31363922061595,3402.757100053261,-8.92857142857143,0.7575757575757569,56.043956043956044,146.15384615384613
Turkmenistan,90.49999999999999,92.84,7.291491579609177,5244.911026000001,10.78074548779011,-0.15,43.106419646704,3162.2302299165704,800.0,30.000000000000004,45.0,130.0
"China, Taiwan Province of",89.73000000000003,85.71000000000004,1.0800465997557351,50593.0,15.427437201980343,0.89,49.53914362384784,3290.7196739781775,38.793103448275865,4.666666666666663,24.69325153374233,120.39877300613497
United Republic of Tanzania,57.76,59.749999999999986,12.740947474739105,703.0622754999999,10.752692734455294,-0.58,15.631799163179918,3569.9410609037336,0.0,14.444444444444438,1.9047619047619049,98.09523809523809
Thailand,60.849999999999994,60.94000000000002,1.563283491123979,4743.52144925,9.14756304105342,-0.76,42.94387922546766,4779.750811868582,-81.81818181818181,-2.2900763358778664,0.11933174224343676,53.46062052505967
Togo,59.760000000000005,57.31000000000002,10.694201723663443,458.82094425,5.991609167341916,-0.74,16.07049380561856,4212.723227038787,23.076923076923084,19.999999999999996,40.0,135.0
Trinidad and Tobago,83.33000000000001,84.66000000000001,2.2424416581775963,12113.33208525,-12.441304545161147,0.29,49.92912827781715,3420.5248453894746,-7.9999999999999964,-3.8461538461538436,37.704918032786885,122.95081967213115
Oman,88.20999999999998,85.03999999999998,23.93541659251501,11873.362113250001,-13.735229661528937,0.74,49.62370649106303,3075.0485290999627,6.779661016949157,-11.403508771929827,1800.0,1442.857142857143
Tunisia,98.48999999999997,98.96999999999996,4.386872542386078,2890.44004525,-4.856861990405392,-1.05,28.49348287359807,3382.87146189259,-100.0,-3.9408866995073843,0.0,91.54929577464789
Turkey,108.12,101.2,6.836952799839402,9327.46752525,4.850190946878619,-1.8,35.33596837944664,3344.040113677196,0.0,18.976545842217483,0.13686131386861314,76.36861313868614
United Arab Emirates,104.51000000000002,107.26000000000002,3.145203638652716,30208.68215625,2.9574921152652367,0.63,40.88196904717506,3203.8905441002385,15.466666666666672,7.291666666666674,902.0833333333334,858.3333333333334
Uganda,52.63999999999999,52.319999999999986,15.330278018314235,472.974306,0.0672041200392437,-0.56,20.775993883792054,3496.3614614673966,0.0,8.771929824561408,0.0,95.38461538461539
United Kingdom of Great Britain and Northern Ireland,103.14000000000001,103.87000000000006,2.6828796581953362,32199.232769000002,2.083132025121359,0.26,56.30114566284774,3212.1731136475373,-4.064039408866993,6.549999999999989,42.94377067254686,117.47519294377067
Ukraine,88.62999999999997,86.15,-1.7649089143341623,1894.78864925,-21.401894069191663,-1.89,43.38943702843876,2949.829953818188,63.51351351351351,-8.211678832116787,9.991742361684558,83.07184145334435
United States of America,109.42000000000007,113.61000000000004,2.7446912874718343,43018.29679525,8.781265306295506,0.3,65.02948684094709,3406.3914217520846,21.78217821782178,13.082594027239791,0.5612850232727937,82.59560098567125
Burkina Faso,79.36999999999996,76.08000000000001,12.420053318776048,530.0494412500001,2.9074674186434057,-0.92,14.379600420609886,3430.010211557663,0.0,15.789473684210531,0.0,95.65217391304348
Uruguay,92.33,84.26000000000002,1.392500183658485,11916.129566,4.898436754365965,1.06,53.536672205079505,3024.54258414902,-25.0,-67.02127659574468,9.090909090909092,93.93939393939394
Uzbekistan,83.40999999999998,93.52000000000002,6.7723883009148,1685.00850525,6.338142419942883,-0.28,40.055603079555176,4044.1562624274275,-100.0,-100.0,0.0,0.0
Venezuela (Bolivarian Republic of),72.96000000000004,56.3,-1.2711308940184796,6042.34985175,-38.55935164732654,-1.18,45.11545293072824,2558.6525763269424,-91.0394265232975,-50.083752093802346,4.166666666666666,99.33333333333333
Viet Nam,81.60999999999999,90.02999999999999,4.240160986255925,1619.29664125,23.67943258896259,0.31,40.875263800955246,3767.6819660936085,-41.800000000000004,2.9126213592232997,31.699346405228756,127.01525054466232
Ethiopia,60.38999999999999,65.64000000000001,11.546924417406434,485.90962225,36.74379514064361,-1.69,8.912248628884821,2570.1977686541777,0.0,-77.41935483870968,7.142857142857142,100.0
Samoa,85.53,85.7,2.429765412808438,3059.3379092500004,7.39935274266712,1.2,61.83197199533254,3324.0967157154314,30.76923076923077,8.333333333333325,0.0,0.0
Yemen,58.900000000000006,53.239999999999995,10.687948264748837,515.8141545000001,-49.95384927726374,-2.96,20.06010518407213,2886.5658404012074,-28.44036697247706,-9.541984732824426,46.42857142857143,141.07142857142858
Zambia,55.220000000000006,59.06,12.910255716259567,1115.4606205000002,-3.626392875310147,0.11,19.776498476125976,4202.406169020688,500.0,20.833333333333325,24.489795918367346,118.36734693877551
Belgium,99.37000000000003,101.35000000000004,2.3824528023959957,32988.01662525,0.6521395796533547,0.42,57.109028120374916,3603.1481942520372,34.12698412698412,6.666666666666665,73.00215982721382,31.101511879049674
Luxembourg,113.64000000000003,105.79000000000002,9.09576820996756,81059.3191255,3.1784818451212837,1.34,63.69222043671423,2844.3963246811595,10.000000000000009,0.0,0.0,0.0
Serbia,82.21000000000004,82.43000000000002,-1.0009750076915291,4580.333115999999,6.113512562007917,0.1,48.538153584859884,3302.4115172557676,0.0,-10.89108910891089,14.117647058823529,105.88235294117648
Montenegro,111.9,113.12000000000006,0.1944615188115062,5609.03511525,11.469796305335688,0.01,60.7054455445544,3245.48470296245,14.28571428571428,0.0,200.0,250.0
Sudan,70.69000000000003,67.88,10.090611517146787,1722.8320059999999,30.959893301352537,-2.01,31.14319387153801,2492.777544579072,0.0,35.41666666666667,2.9850746268656714,97.01492537313433
